Type	Date	Message
ham	28/06/17	Go until jurong point, crazy.. Available only in bugis n great world la e buffet... Cine there got amore wat...
ham	08/08/17	Ok lar... Joking wif u oni...
spam	04/09/17	Free entry in 2 a wkly comp to win FA Cup final tkts 21st May 2005. Text FA to 87121 to receive entry question(std txt rate)T&C's apply 08452810075over18's
ham	16/10/17	U dun say so early hor... U c already then say...
ham	02/04/17	Nah I don't think he goes to usf, he lives around here though
spam	02/03/17	FreeMsg Hey there darling it's been 3 week's now and no word back! I'd like some fun you up for it still? Tb ok! XxX std chgs to send, £1.50 to rcv
ham	18/05/17	Even my brother is not like to speak with me. They treat me like aids patent.
ham	01/06/17	As per your request 'Melle Melle (Oru Minnaminunginte Nurungu Vettam)' has been set as your callertune for all Callers. Press *9 to copy your friends Callertune
spam	20/09/17	WINNER!! As a valued network customer you have been selected to receivea £900 prize reward! To claim call 09061701461. Claim code KL341. Valid 12 hours only.
spam	18/05/17	Had your mobile 11 months or more? U R entitled to Update to the latest colour mobiles with camera for Free! Call The Mobile Update Co FREE on 08002986030
ham	16/02/17	I'm gonna be home soon and i don't want to talk about this stuff anymore tonight, k? I've cried enough today.
spam	23/04/17	SIX chances to win CASH! From 100 to 20,000 pounds txt> CSH11 and send to 87575. Cost 150p/day, 6days, 16+ TsandCs apply Reply HL 4 info
spam	13/03/17	URGENT! You have won a 1 week FREE membership in our £100,000 Prize Jackpot! Txt the word: CLAIM to No: 81010 T&C www.dbuk.net LCCLTD POBOX 4403LDNW1A7RW18
ham	29/09/17	Finally the match heading towards draw as your prediction.
ham	11/10/17	Tired. I haven't slept well the past few nights.
ham	04/11/17	Easy ah?sen got selected means its good..
ham	01/08/17	I have to take exam with march 3
ham	08/09/17	Yeah you should. I think you can use your gt atm now to register. Not sure but if there's anyway i can help let me know. But when you do be sure you are ready.
ham	24/01/17	Ok no prob. Take ur time.
ham	14/08/17	There is os called ubandu which will run without installing in hard disk...you can use that os to copy the important files in system and give it to repair shop..
ham	09/10/17	Sorry, I'll call later
ham	11/09/17	U say leh... Of course nothing happen lar. Not say v romantic jus a bit only lor. I thk e nite scenery not so nice leh.
spam	14/06/17	500 New Mobiles from 2004, MUST GO! Txt: NOKIA to No: 89545 & collect yours today!From ONLY £1 www.4-tc.biz 2optout 087187262701.50gbp/mtmsg18
ham	14/11/17	Would really appreciate if you call me. Just need someone to talk to.
spam	12/03/17	Will u meet ur dream partner soon? Is ur career off 2 a flyng start? 2 find out free, txt HORO followed by ur star sign, e. g. HORO ARIES
ham	09/11/17	Hey company elama po mudyadhu.
ham	04/04/17	Life is more strict than teacher... Bcoz Teacher teaches lesson &amp; then conducts exam, But Life first conducts Exam &amp; then teaches Lessons. Happy morning. . .
ham	03/11/17	Dear good morning now only i am up
ham	01/09/17	Get down in gandhipuram and walk to cross cut road. Right side &lt;#&gt; street road and turn at first right.
ham	14/03/17	Dear we are going to our rubber place
ham	03/09/17	Sorry battery died, yeah I'm here
ham	03/05/17	Yes:)here tv is always available in work place..
spam	05/11/17	Text & meet someone sexy today. U can find a date or even flirt its up to U. Join 4 just 10p. REPLY with NAME & AGE eg Sam 25. 18 -msg recd@thirtyeight pence
ham	17/02/17	I have printed it oh. So  &lt;#&gt;  come upstairs
ham	03/10/17	Or ill be a little closer like at the bus stop on the same street
ham	17/04/17	Where are you?when wil you reach here?
ham	01/01/17	New Theory: Argument wins d SITUATION, but loses the PERSON. So dont argue with ur friends just.. . . . kick them &amp; say, I'm always correct.!
ham	29/06/17	I love to give massages. I use lots of baby oil... What is your fave position?
ham	27/06/17	Dude we should go sup again
ham	19/10/17	Yoyyooo u know how to change permissions for a drive in mac. My usb flash drive
ham	20/03/17	Gibbs unsold.mike hussey
ham	14/07/17	I like to talk pa but am not able to. I dont know y.
ham	05/06/17	Y dun cut too short leh. U dun like ah? She failed. She's quite sad.
ham	04/01/17	You unbelievable faglord
ham	02/03/17	Wife.how she knew the time of murder exactly
ham	14/11/17	Why do you ask princess?
ham	11/02/17	I am great princess! What are you thinking about me? :)
ham	12/11/17	Nutter. Cutter. Ctter. Cttergg. Cttargg. Ctargg. Ctagg. ie you
ham	20/04/17	It's ok i noe u're busy but i'm really too bored so i msg u. I oso dunno wat colour she choose 4 me one.
ham	30/03/17	Doesn't g have class early tomorrow and thus shouldn't be trying to smoke at  &lt;#&gt;
ham	13/04/17	"Superb Thought- ""Be grateful that u dont have everything u want. That means u still have an opportunity to be happier tomorrow than u are today."":-)"
ham	23/03/17	Hope you are having a good week. Just checking in
ham	12/02/17	I'm used to it. I just hope my agents don't drop me since i've only booked a few things this year. This whole me in boston, them in nyc was an experiment.
ham	01/07/17	Thursday night? Yeah, sure thing, we'll work it out then
spam	10/06/17	"Your free ringtone is waiting to be collected. Simply text the password ""MIX"" to 85069 to verify. Get Usher and Britney. FML, PO Box 5249, MK17 92H. 450Ppw 16"
ham	08/01/17	Probably money worries. Things are coming due and i have several outstanding invoices for work i did two and three months ago.
ham	16/06/17	How is it possible to teach you. And where.
ham	28/10/17	I wonder if your phone battery went dead ? I had to tell you, I love you babe
ham	20/01/17	Lovely smell on this bus and it ain't tobacco... 
ham	10/07/17	We're all getting worried over here, derek and taylor have already assumed the worst
ham	18/06/17	Hey what's up charles sorry about the late reply.
spam	28/05/17	all the lastest from Stereophonics, Marley, Dizzee Racal, Libertines and The Strokes! Win Nookii games with Flirt!! Click TheMob WAP Bookmark or text WAP to 82468
ham	20/04/17	I.ll give her once i have it. Plus she said grinule greet you whenever we speak
ham	17/03/17	WHITE FUDGE OREOS ARE IN STORES
spam	25/08/17	January Male Sale! Hot Gay chat now cheaper, call 08709222922. National rate from 1.5p/min cheap to 7.8p/min peak! To stop texts call 08712460324 (10p/min)
ham	24/01/17	My love ! How come it took you so long to leave for Zaher's? I got your words on ym and was happy to see them but was sad you had left. I miss you
ham	08/07/17	I am sorry it hurt you.
ham	12/05/17	Can't. I feel nauseous. I'm so pissed. I didn't eat any sweets all week cause today I was planning to pig out. I was dieting all week. And now I'm not hungry :/
ham	25/10/17	Ok lor but not too early. Me still having project meeting now.
ham	20/02/17	Call me da, i am waiting for your call.
ham	08/03/17	I could ask carlos if we could get more if anybody else can chip in
ham	02/08/17	Was actually about to send you a reminder today. Have a wonderful weekend
ham	26/02/17	When people see my msgs, They think Iam addicted to msging... They are wrong, Bcoz They don\'t know that Iam addicted to my sweet Friends..!! BSLVYL
ham	26/03/17	Hey you gave them your photo when you registered for driving ah? Tmr wanna meet at yck? 
ham	05/02/17	Dont talk to him ever ok its my word.
ham	01/02/17	When u wana see it then
ham	16/09/17	On ma way to school. Can you pls send me ashley's number
ham	02/01/17	It shall be fine. I have avalarr now. Will hollalater
ham	24/04/17	She went to attend another two rounds today..but still did't reach home..
ham	02/02/17	Actually i deleted my old website..now i m blogging at magicalsongs.blogspot.com
ham	17/08/17	K, wait chikku..il send aftr  &lt;#&gt; mins
ham	26/04/17	But I'm on a diet. And I ate 1 too many slices of pizza yesterday. Ugh I'm ALWAYS on a diet.
ham	14/11/17	K:)i will give my kvb acc details:)
ham	10/01/17	Oh all have to come ah?
spam	11/07/17	money!!! you r a lucky winner ! 2 claim your prize text money 2 88600 over £1million to give away ! ppt150x3+normal text rate box403 w1t1jy
ham	14/07/17	I'm really sorry i won't b able 2 do this friday.hope u can find an alternative.hope yr term's going ok:-)
ham	11/05/17	Congratulations ore mo owo re wa. Enjoy it and i wish you many happy moments to and fro wherever you go
ham	30/04/17	So do you have samus shoulders yet
ham	02/01/17	What time you think you'll have it? Need to know when I should be near campus
spam	31/07/17	Dear Matthew please call 09063440451 from a landline, your complimentary 4*Lux Tenerife holiday or £1000 CASH await collection. ppm150 SAE T&Cs Box334 SK38XH.
ham	27/07/17	Then dun wear jeans lor...
ham	30/08/17	Since when, which side, any fever, any vomitin.
ham	09/02/17	K:)k.are you in college?
spam	06/07/17	Urgent! call 09061749602 from Landline. Your complimentary 4* Tenerife Holiday or £10,000 cash await collection SAE T&Cs BOX 528 HP20 1YF 150ppm 18+
ham	13/09/17	Better. Made up for Friday and stuffed myself like a pig yesterday. Now I feel bleh. But at least its not writhing pain kind of bleh.
ham	09/07/17	No we sell it all so we'll have tons if coins. Then sell our coins to someone thru paypal. Voila! Money back in life pockets:)
ham	26/03/17	Theyre doing it to lots of places. Only hospitals and medical places are safe.
spam	15/01/17	How about getting in touch with folks waiting for company? Just txt back your NAME and AGE to opt in! Enjoy the community (150p/SMS)
ham	26/04/17	And also I've sorta blown him off a couple times recently so id rather not text him out of the blue looking for weed
ham	16/04/17	I sent my scores to sophas and i had to do secondary application for a few schools. I think if you are thinking of applying, do a research on cost also. Contact joke ogunrinde, her school is one me the less expensive ones
ham	03/04/17	I cant wait to see you! How were the photos were useful? :)
spam	17/01/17	Ur cash-balance is currently 500 pounds - to maximize ur cash-in now send GO to 86688 only 150p/msg. CC: 08718720201 PO BOX 114/14 TCR/W1
ham	15/11/17	Hey i booked the kb on sat already... what other lessons are we going for ah? Keep your sat night free we need to meet and confirm our lodging 
ham	11/04/17	Chk in ur belovd ms dict
ham	31/08/17	Is that what time you want me to come?
ham	30/08/17	Awesome, lemme know whenever you're around
ham	02/03/17	Shb b ok lor... Thanx...
ham	02/06/17	"Beautiful Truth against Gravity.. Read carefully: ""Our heart feels light when someone is in it.. But it feels very heavy when someone leaves it.."" GOOD NIGHT"
ham	05/03/17	Also remember to get dobby's bowl from your car
spam	29/09/17	Filthy stories and GIRLS waiting for your
ham	07/11/17	Sorry i now then c ur msg... Yar lor so poor thing... But only 4 one night... Tmr u'll have a brand new room 2 sleep in...
ham	29/06/17	Love isn't a decision, it's a feeling. If we could decide who to love, then, life would be much simpler, but then less magical
ham	27/03/17	Welp apparently he retired
ham	04/07/17	My sort code is  and acc no is . The bank is natwest. Can you reply to confirm i've sent this to the right person!
ham	16/09/17	Where @
ham	18/05/17	U sure u can't take any sick time?
spam	30/01/17	URGENT! We are trying to contact U. Todays draw shows that you have won a £800 prize GUARANTEED. Call 09050001808 from land line. Claim M95. Valid12hrs only
ham	19/07/17	Watching cartoon, listening music &amp; at eve had to go temple &amp; church.. What about u?
ham	31/01/17	Yo chad which gymnastics class do you wanna take? The site says Christians class is full..
ham	07/02/17	Are you this much buzy
ham	05/08/17	Or better still can you catch her and let ask her if she can sell  &lt;#&gt;  for me.
ham	30/08/17	I am not sure about night menu. . . I know only about noon menu
ham	15/04/17	What do u want when i come back?.a beautiful necklace as a token of my heart for you.thats what i will give but ONLY to MY WIFE OF MY LIKING.BE THAT AND SEE..NO ONE can give you that.dont call me.i will wait till i come.
ham	07/09/17	Are you willing to go for aptitude class.
ham	10/04/17	It wont b until 2.15 as trying 2 sort house out, is that ok?
ham	23/09/17	Yar lor he wan 2 go c horse racing today mah, so eat earlier lor. I ate chicken rice. U?
ham	24/03/17	Haha awesome, omw back now then
ham	25/09/17	Yup i thk so until e shop closes lor.
ham	25/01/17	what is your account number?
ham	20/04/17	Eh u send wrongly lar...
ham	15/10/17	Hey no I ad a crap nite was borin without ya 2 boggy with me u boring biatch! Thanx but u wait til nxt time il ave ya 
ham	14/06/17	Ok i shall talk to him
ham	16/10/17	Dont hesitate. You know this is the second time she has had weakness like that. So keep i notebook of what she eat and did the day before or if anything changed the day before so that we can be sure its nothing
ham	19/09/17	Hey you can pay. With salary de. Only  &lt;#&gt; .
ham	19/09/17	Another month. I need chocolate weed and alcohol.
ham	09/11/17	If he started searching he will get job in few days.he have great potential and talent.
ham	03/06/17	Reckon need to be in town by eightish to walk from * carpark.
spam	25/06/17	Congrats! 2 mobile 3G Videophones R yours. call 09063458130 now! videochat wid your mates, play java games, Dload polyPH music, noline rentl.
ham	20/02/17	LOOK AT THE FUCKIN TIME. WHAT THE FUCK YOU THINK IS UP
ham	02/04/17	Yo guess what I just dropped
ham	09/03/17	Carlos says he'll be at mu in  &lt;#&gt;  minutes
ham	13/02/17	I'm in office now . I will call you  &lt;#&gt;  min:)
ham	07/09/17	Geeee ... I miss you already, you know ? Your all I can think about. Fuck, I can't wait till next year when we will be together ... *loving kiss*
ham	01/02/17	Yun ah.the ubi one say if ü wan call by tomorrow.call 67441233 look for irene.ere only got bus8,22,65,61,66,382. Ubi cres,ubi tech park.6ph for 1st 5wkg days.èn
ham	06/01/17	Ugh. Gotta drive back to sd from la. My butt is sore.
ham	14/10/17	I will once i get home
ham	15/09/17	Waaaat?? Lololo ok next time then!
ham	21/08/17	The table's occupied, I'm waiting by the tree
ham	30/07/17	I surely dont forgot to come:)i will always be in touch in with you:-)
ham	30/08/17	Hi kindly give us back our documents which we submitted for loan from STAPATI
ham	12/04/17	I dont have i shall buy one dear
ham	24/03/17	Oh god i am happy to see your message after 3 days
ham	28/05/17	What year. And how many miles.
ham	20/08/17	Hey cutie. How goes it? Here in WALES its kinda ok. There is like hills and shit but i still avent killed myself. 
ham	26/06/17	Sad story of a Man - Last week was my b'day. My Wife did'nt wish me. My Parents forgot n so did my Kids . I went to work. Even my Colleagues did not wish. As I entered my cabin my PA said, '' Happy B'day Boss !!''. I felt special. She askd me 4 lunch. After lunch she invited me to her apartment. We went there. She said,'' do u mind if I go into the bedroom for a minute ? '' ''OK'', I sed in a sexy mood. She came out 5 minuts latr wid a cake...n My Wife, My Parents, My Kidz, My Friends n My Colleagues. All screaming.. SURPRISE !! and I was waiting on the sofa.. ... ..... ' NAKED...!
ham	21/05/17	I think you should go the honesty road. Call the bank tomorrow. Its the tough decisions that make us great people.
spam	17/07/17	FREE for 1st week! No1 Nokia tone 4 ur mob every week just txt NOKIA to 87077 Get txting and tell ur mates. zed POBox 36504 W45WQ norm150p/tone 16+
ham	01/01/17	No. Its not specialisation. Can work but its slave labor. Will look for it this month sha cos no shakara 4 beggar.
ham	22/01/17	Is she replying. Has boye changed his phone number
ham	14/07/17	1) Go to write msg 2) Put on Dictionary mode 3)Cover the screen with hand, 4)Press  &lt;#&gt; . 5)Gently remove Ur hand.. Its interesting..:)
ham	26/03/17	hi my darlin im on my way to London and we have just been smashed into by another driver! and have a big dent! im really missing u what have u been up to? xxx
ham	27/08/17	Nothing really, just making sure everybody's up to speed
ham	02/08/17	I'm not coming home 4 dinner.
ham	03/10/17	Thank you. And by the way, I just lost.
ham	23/05/17	Yes.he have good crickiting mind
ham	15/02/17	Thx. All will be well in a few months
spam	09/10/17	Shop till u Drop, IS IT YOU, either 10K, 5K, £500 Cash or £100 Travel voucher, Call now, 09064011000. NTT PO Box CR01327BT fixedline Cost 150ppm mobile vary
ham	23/07/17	CAN I PLEASE COME UP NOW IMIN TOWN.DONTMATTER IF URGOIN OUTL8R,JUST REALLYNEED 2DOCD.PLEASE DONTPLEASE DONTIGNORE MYCALLS,U NO THECD ISV.IMPORTANT TOME 4 2MORO
ham	05/11/17	I wont. So wat's wit the guys
ham	14/01/17	Yavnt tried yet and never played original either
ham	14/11/17	Hiya, had a good day? Have you spoken to since the weekend?
ham	30/08/17	See? I thought it all through
ham	04/05/17	I'm at work. Please call
ham	02/02/17	get ready to moan and scream :)
ham	14/06/17	Oh k :)why you got job then whats up?
ham	28/09/17	I don,t think so. You don't need to be going out that late on a school night. ESPECIALLY when the one class you have is the one you missed last wednesday and probably failed a test in on friday
ham	22/02/17	And popping &lt;#&gt; ibuprofens was no help.
ham	30/07/17	Babe ! How goes that day ? What are you doing ? Where are you ? I sip my cappuccino and think of you, my love ... I send a kiss to you from across the sea
ham	05/08/17	Ok.
ham	08/09/17	PS U no ur a grown up now right?
ham	24/07/17	Chinatown got porridge, claypot rice, yam cake, fishhead beehoon... Either we eat cheap den go cafe n tok or go nydc or somethin...
ham	29/10/17	I know a few people I can hit up and fuck to the yes
ham	20/08/17	Purity of friendship between two is not about smiling after reading the forwarded message..Its about smiling just by seeing the name. Gud evng
ham	12/07/17	So is there anything specific I should be doing with regards to jaklin or what because idk what the fuck
ham	09/11/17	Oh god. I'm gonna Google nearby cliffs now.
spam	04/05/17	FREE camera phones with linerental from 4.49/month with 750 cross ntwk mins. 1/2 price txt bundle deals also avble. Call 08001950382 or call2optout/J MF
ham	08/07/17	Yup i shd haf ard 10 pages if i add figures... Ü all got how many pages?
ham	12/02/17	Ooh, 4got, i'm gonna start belly dancing in moseley weds 6.30 if u want 2 join me, they have a cafe too. 
ham	30/09/17	Thankyou so much for the call. I appreciate your care.
ham	31/01/17	Congrats ! Treat pending.i am not on mail for 2 days.will mail once thru.Respect mother at home.check mails.
ham	25/06/17	I called but no one pick up e phone. I ask both of them already they said ok.
ham	28/01/17	Hi my email address has changed now it is 
ham	29/09/17	"V-aluable. A-ffectionate. L-oveable. E-ternal. N-oble. T-ruthful. I-ntimate. N-atural. E-namous. Happy ""VALENTINES DAY"" in advance"
ham	15/04/17	Not much, just some textin'. How bout you?
ham	18/05/17	Bring it if you got it
ham	16/06/17	I'm in a movie. Call me 4 wat?
ham	08/11/17	Not sure I have the stomach for it ...
ham	24/07/17	Haha... can... But i'm having dinner with my cousin...
ham	24/03/17	"A boy was late 2 home. His father: ""POWER OF FRNDSHIP"""
ham	22/07/17	(And my man carlos is definitely coming by mu tonight, no excuses)
ham	03/02/17	soon you will have the real thing princess! Do i make you wet? :)
ham	28/09/17	Raji..pls do me a favour. Pls convey my Birthday wishes to Nimya. Pls. Today is her birthday.
ham	04/11/17	Haha, my legs and neck are killing me and my amigos are hoping to end the night with a burn, think I could swing by in like an hour?
spam	25/03/17	URGENT! Your mobile No 07xxxxxxxxx won a £2,000 bonus caller prize on 02/06/03! this is the 2nd attempt to reach YOU! call 09066362231 ASAP! BOX97N7QP, 150PPM
ham	02/09/17	Usually the body takes care of it buy making sure it doesnt progress. Can we pls continue this talk on saturday.
spam	12/04/17	URGENT!! Your 4* Costa Del Sol Holiday or £5000 await collection. Call 09050090044 Now toClaim. SAE, TC s, POBox334, Stockport, SK38xh, Cost£1.50/pm, Max10mins
ham	31/05/17	Hmm well, night night 
ham	16/03/17	Just wanted to say holy shit you guys weren't kidding about this bud
ham	12/05/17	Just gettin a bit arty with my collages at the mo, well tryin 2 ne way! Got a roast in a min lovely i shall enjoy that!
ham	04/01/17	This is one of the days you have a billion classes, right?
ham	07/05/17	Goodmorning, today i am late for 2hrs. Because of back pain.
ham	18/05/17	Ok then i'll let him noe later n ask him call u tmr...
ham	17/07/17	Prabha..i'm soryda..realy..frm heart i'm sory
ham	12/02/17	OK i'm waliking ard now... Do u wan me 2 buy anything go ur house?
ham	26/06/17	* Will have two more cartons off u and is very pleased with shelves
ham	11/01/17	Nice talking to you! please dont forget my pix :) i want to see all of you...
spam	01/07/17	You have WON a guaranteed £1000 cash or a £2000 prize. To claim yr prize call our customer service representative on 08714712379 between 10am-7pm Cost 10p
ham	13/09/17	But really quite funny lor wat... Then u shd haf run shorter distance wat...
ham	04/03/17	I notice you like looking in the shit mirror youre turning into a right freak
ham	01/01/17	Great. I was getting worried about you. Just know that a wonderful and caring person like you will have only the best in life. Know that u r wonderful and God's love is yours.
spam	07/10/17	Thanks for your ringtone order, ref number K718. Your mobile will be charged £4.50. Should your tone not arrive please call customer services on 09065069120
ham	23/06/17	I prefer my free days... Tues, wed, fri oso can... Ü ask those workin lor...
ham	13/06/17	Alrite jod hows the revision goin? Keris bin doin a smidgin. N e way u wanna cum over after college?xx
ham	24/04/17	If you have belive me. Come to my home.
ham	18/07/17	Oh k.k..where did you take test?
ham	13/04/17	Those were my exact intentions
ham	06/06/17	haha but no money leh... Later got to go for tuition... Haha and looking for empty slots for driving lessons
ham	22/03/17	Hey... Thk we juz go accordin to wat we discussed yest lor, except no kb on sun... Cos there's nt much lesson to go if we attend kb on sat...
ham	01/06/17	K, wen ur free come to my home and also tel vikky i hav sent mail to him also.. Better come evening il be free today aftr 6pm..:-)
ham	01/04/17	Nothing just getting msgs by dis name wit different no's..
ham	18/03/17	Good Morning plz call me sir
ham	09/03/17	What's your room number again? Wanna make sure I'm knocking on the right door
ham	05/03/17	Si.como no?!listened2the plaid album-quite gd&the new air1 which is hilarious-also boughtbraindancea comp.ofstuff on aphexs ;abel,u hav2hear it!c u sn xxxx
ham	02/06/17	Pls tell nelson that the bb's are no longer comin. The money i was expecting aint coming
ham	05/06/17	Give her something to drink, if she takes it and doesn't vomit then you her temp might drop. If she unmits however let me know.
ham	16/03/17	Think you sent the text to the home phone. That cant display texts. If you still want to send it his number is
ham	14/01/17	Every day i use to sleep after  &lt;#&gt;  so only.
ham	03/07/17	K I'll call you when I'm close
ham	08/01/17	U buy newspapers already?
ham	17/03/17	Nope wif my sis lor... Aft bathing my dog then i can bathe... Looks like it's going 2 rain soon.
ham	09/03/17	Boo I'm on my way to my moms. She's making tortilla soup. Yummmm
ham	25/05/17	No management puzzeles.
ham	28/04/17	How did you find out in a way that didn't include all of these details
spam	29/04/17	Hi ya babe x u 4goten bout me?' scammers getting smart..Though this is a regular vodafone no, if you respond you get further prem rate msg/subscription. Other nos used also. Beware!
spam	06/09/17	Back 2 work 2morro half term over! Can U C me 2nite 4 some sexy passion B4 I have 2 go back? Chat NOW 09099726481 Luv DENA Calls £1/minMobsmoreLKPOBOX177HP51FL
ham	07/11/17	will you like to be spoiled? :)
spam	30/03/17	Thanks for your ringtone order, ref number R836. Your mobile will be charged £4.50. Should your tone not arrive please call customer services on 09065069154
ham	07/08/17	I am getting threats from your sales executive Shifad as i raised complaint against him. Its an official message.
ham	01/09/17	hope things went well at 'doctors' ;) reminds me i still need 2go.did u c d little thing i left in the lounge?
ham	08/10/17	Den wat will e schedule b lk on sun?
ham	10/07/17	Lol enjoy role playing much?
ham	17/06/17	Ok. Me watching tv too.
ham	14/06/17	"I just lov this line: ""Hurt me with the truth, I don't mind,i wil tolerat.bcs ur my someone..... But, Never comfort me with a lie"" gud ni8 and sweet dreams"
ham	09/01/17	Just checked out, heading out to drop off my stuff now
ham	30/08/17	Here got lots of hair dresser fr china.
ham	08/02/17	Sad story of a Man - Last week was my b'day. My Wife did'nt wish me. My Parents forgot n so did my Kids . I went to work. Even my Colleagues did not wish.
ham	08/07/17	Ill call you evening ill some ideas.
spam	17/10/17	SplashMobile: Choose from 1000s of gr8 tones each wk! This is a subscrition service with weekly tones costing 300p. U have one credit - kick back and ENJOY
ham	17/07/17	Did you show him and wot did he say or could u not c him 4 dust?
ham	15/11/17	It should take about  &lt;#&gt;  min
spam	07/01/17	Not heard from U4 a while. Call 4 rude chat private line 01223585334 to cum. Wan 2C pics of me gettin shagged then text PIX to 8552. 2End send STOP 8552 SAM xxx
ham	23/02/17	Ok . . now i am in bus. . If i come soon i will come otherwise tomorrow
ham	19/10/17	I cant pick the phone right now. Pls send a message
spam	23/06/17	<Forwarded from 88877>FREE entry into our £250 weekly comp just send the word ENTER to 88877 NOW. 18 T&C www.textcomp.com
ham	11/10/17	Finish liao... U?
spam	04/08/17	88066 FROM 88066 LOST 3POUND HELP
ham	10/01/17	Haha i think i did too
ham	11/02/17	U know we watchin at lido?
ham	06/07/17	Life spend with someone for a lifetime may be meaningless but a few moments spent with someone who really love you means more than life itself..
ham	17/09/17	Haha awesome, I've been to 4u a couple times. Who all's coming?
ham	08/03/17	Cold. Dont be sad dear
ham	10/04/17	Think I could stop by in like an hour or so? My roommate's looking to stock up for a trip
ham	17/10/17	Is that on the telly? No its Brdget Jones!
ham	17/07/17	Love you aathi..love u lot..
ham	23/04/17	Hello! How r u? Im bored. Inever thought id get bored with the tv but I am. Tell me something exciting has happened there? Anything! =/
ham	07/08/17	Hmm...Bad news...Hype park plaza $700 studio taken...Only left 2 bedrm-$900...
ham	02/09/17	Sorry, I'll call later in meeting
ham	08/11/17	R ü comin back for dinner?
ham	14/07/17	I hav almost reached. Call, i m unable to connect u.
ham	18/05/17	Whom you waited for yesterday
ham	05/06/17	I reach home safe n sound liao...
ham	14/08/17	Velly good, yes please!
ham	07/08/17	Hi, wkend ok but journey terrible. Wk not good as have huge back log of marking to do
ham	14/03/17	I have had two more letters from . I will copy them for you cos one has a message for you. Speak soon
ham	20/07/17	Alex knows a guy who sells mids but he's down in south tampa and I don't think I could set it up before like 8
ham	26/08/17	Dont you have message offer
spam	28/03/17	Had your mobile 11mths ? Update for FREE to Oranges latest colour camera mobiles & unlimited weekend calls. Call Mobile Upd8 on freefone 08000839402 or 2StopTx
ham	18/10/17	HEY THERE BABE, HOW U DOIN? WOT U UP 2 2NITE LOVE ANNIE X.
ham	22/08/17	Remind me how to get there and I shall do so
ham	21/06/17	:-( that's not v romantic!
ham	31/07/17	Hello. Damn this christmas thing. I think i have decided to keep this mp3 that doesnt work.
spam	25/02/17	You have 1 new message. Please call 08718738034.
ham	15/06/17	HI DARLIN IM MISSIN U HOPE YOU ARE HAVING A GOOD TIME. WHEN ARE U BACK AND WHAT TIME IF U CAN GIVE ME A CALL AT HOME. JESS XX
spam	30/08/17	<Forwarded from 21870000>Hi - this is your Mailbox Messaging SMS alert. You have 4 messages. You have 21 matches. Please call back on 09056242159 to retrieve your messages and matches
ham	01/01/17	Draw va?i dont think so:)
ham	08/09/17	Dont pick up d call when something important is There to tell. Hrishi
spam	07/05/17	Congrats! 1 year special cinema pass for 2 is yours. call 09061209465 now! C Suprman V, Matrix3, StarWars3, etc all 4 FREE! bx420-ip4-5we. 150pm. Dont miss out!
ham	20/10/17	Nothin comes to my mind. Ü help me buy hanger lor. Ur laptop not heavy?
ham	09/06/17	&lt;#&gt; , that's all? Guess that's easy enough
ham	01/03/17	We can make a baby in yo tho
ham	08/01/17	Should I tell my friend not to come round til like  &lt;#&gt; ish?
ham	18/05/17	Friendship poem: Dear O Dear U R Not Near But I Can Hear Dont Get Fear Live With Cheer No More Tear U R Always my Dear. Gud ni8
ham	22/07/17	Still in the area of the restaurant. Ill try to come back soon
ham	27/10/17	Aight that'll work, thanks
spam	24/03/17	WIN a year supply of CDs 4 a store of ur choice worth £500 & enter our £100 Weekly draw txt MUSIC to 87066 Ts&Cs www.Ldew.com.subs16+1win150ppmx3
spam	02/01/17	Moby Pub Quiz.Win a £100 High Street prize if u know who the new Duchess of Cornwall will be? Txt her first name to 82277.unsub STOP £1.50 008704050406 SP Arrow
ham	30/04/17	I have 2 sleeping bags, 1 blanket and paper and  phone details. Anything else?
spam	22/08/17	You have won a Nokia 7250i. This is what you get when you win our FREE auction. To take part send Nokia to 86021 now. HG/Suite342/2Lands Row/W1JHL 16+ 
spam	06/01/17	Congratulations! Thanks to a good friend U have WON the £2,000 Xmas prize. 2 claim is easy, just call 08718726971 NOW! Only 10p per minute. BT-national-rate.
spam	16/05/17	tddnewsletter@emc1.co.uk (More games from TheDailyDraw) Dear Helen, Dozens of Free Games - with great prizesWith..
ham	02/02/17	So what do you guys do.
ham	14/11/17	Also that chat was awesome but don't make it regular unless you can see her in person
ham	06/03/17	That's significant but dont worry.
ham	09/04/17	That's cause your old. I live to be high.
ham	02/04/17	Waqt se pehle or naseeb se zyada kisi ko kuch nahi milta,Zindgi wo nahi he jo hum sochte hai Zindgi wo hai jo ham jeetey hai..........
ham	31/01/17	On the way to office da..
ham	05/08/17	In which place do you want da.
ham	02/09/17	This pain couldn't have come at a worse time.
ham	30/01/17	Ok...
ham	05/04/17	Should I be stalking u?
ham	29/09/17	Sorry dude. Dont know how i forgot. Even after Dan reminded me. Sorry. Hope you guys had fun.
ham	28/10/17	Ok lor.
ham	09/09/17	Apps class varaya elaya.
ham	28/08/17	The Xmas story is peace.. The Xmas msg is love.. The Xmas miracle is jesus.. Hav a blessed month ahead &amp; wish U Merry Xmas...
spam	19/10/17	URGENT! Your mobile number *************** WON a £2000 Bonus Caller prize on 10/06/03! This is the 2nd attempt to reach you! Call 09066368753 ASAP! Box 97N7QP, 150ppm
ham	03/06/17	That day you asked about anand number. Why:-)
ham	10/08/17	Am surfing online store. For offers do you want to buy any thing.
ham	02/11/17	Long beach lor. Expected... U having dinner now?
ham	07/05/17	At home by the way
ham	14/11/17	We are both fine. Thanks
ham	11/08/17	What happen to her tell the truth
ham	17/08/17	Do you like Italian food?
ham	06/04/17	Which is weird because I know I had it at one point
ham	06/10/17	Aww you must be nearly dead!Well Jez isComing over toDo some workAnd that whillTake forever!
ham	06/05/17	Tell your friends what you plan to do on Valentines day @ &lt;URL&gt;
ham	13/02/17	Alright, see you in a bit
ham	12/09/17	Cheers for the message Zogtorius. Ive been staring at my phone for an age deciding whether to text or not.
ham	20/01/17	I will take care of financial problem.i will help:)
ham	07/10/17	Tell dear what happen to you. Why you talking to me like an alian
spam	16/07/17	Double your mins & txts on Orange or 1/2 price linerental - Motorola and SonyEricsson with B/Tooth FREE-Nokia FREE Call MobileUpd8 on 08000839402 or2optout/HV9D
ham	30/04/17	1) Go to write msg 2) Put on Dictionary mode 3)Cover the screen with hand, 4)Press  &lt;#&gt; . 5)Gently remove Ur hand.. Its interesting..:)
ham	17/06/17	Okie...
ham	30/05/17	Hi this is yijue, can i meet u at 11 tmr?
ham	24/08/17	Its posible dnt live in  &lt;#&gt; century cm frwd n thnk different
ham	24/07/17	But i dint slept in afternoon.
ham	01/07/17	That seems unnecessarily affectionate
ham	03/09/17	Yar else i'll thk of all sorts of funny things.
ham	09/06/17	You will be in the place of that man
spam	29/03/17	Download as many ringtones as u like no restrictions, 1000s 2 choose. U can even send 2 yr buddys. Txt Sir to 80082 £3 
ham	26/10/17	Thats cool. How was your day?
spam	02/10/17	This message is free. Welcome to the new & improved Sex & Dogging club! To unsubscribe from this service reply STOP. msgs@150p 18 only
ham	25/02/17	Honeybee Said: *I'm d Sweetest in d World* God Laughed &amp; Said: *Wait,U Havnt Met d Person Reading This Msg* MORAL: Even GOD Can Crack Jokes! GM+GN+GE+GN:)
ham	24/08/17	Just do what ever is easier for you
spam	17/10/17	RCT' THNQ Adrian for U text. Rgds Vatian
ham	08/10/17	Stop calling everyone saying I might have cancer. My throat hurts to talk. I can't be answering everyones calls. If I get one more call I'm not babysitting on Monday
ham	12/01/17	It'll be tough, but I'll do what I have to
ham	06/09/17	IM GONNAMISSU SO MUCH!!I WOULD SAY IL SEND U A POSTCARD BUTTHERES ABOUTAS MUCH CHANCE OF MEREMEMBERIN ASTHERE IS OFSI NOT BREAKIN HIS CONTRACT!! LUV Yaxx
ham	12/04/17	Ee msg na poortiyagi odalebeku: Hanumanji 7 name 1-Hanuman 2-Bajarangabali 3-Maruti 4-Pavanaputra 5-Sankatmochan 6-Ramaduth 7-Mahaveer ee 7 name  &lt;#&gt;  janarige ivatte kalisidare next saturday olage ondu good news keluviri...! Maretare inde 1 dodda problum nalli siguviri idu matra  &lt;#&gt; % true.. Don't neglet.
ham	01/03/17	HI DARLIN I FINISH AT 3 DO U 1 2 PICK ME UP OR MEET ME? TEXT BACK ON THIS NUMBER LUV KATE XXX
ham	16/10/17	Set a place for me in your heart and not in your mind, as the mind easily forgets but the heart will always remember. Wish you Happy Valentines Day!
ham	09/02/17	But i'm surprised she still can guess right lor...
ham	23/08/17	Okie ü wan meet at bishan? Cos me at bishan now. I'm not driving today.
ham	12/08/17	Oh ho. Is this the first time u use these type of words
ham	29/04/17	HI DARLIN HOW WAS WORK DID U GET INTO TROUBLE? IJUST TALKED TO YOUR MUM ALL MORNING! I HAD A REALLY GOOD TIME LAST NIGHT IM GOIN OUT SOON BUT CALL ME IF U CAN
ham	13/07/17	I know you are serving. I mean what are you doing now.
ham	12/11/17	Huh... Hyde park not in mel ah, opps, got confused... Anyway, if tt's e best choice den we juz have to take it...
ham	07/02/17	Oh gei. That happend to me in tron. Maybe ill dl it in 3d when its out
spam	20/09/17	FREE MESSAGE Activate your 500 FREE Text Messages by replying to this message with the word FREE For terms & conditions, visit www.07781482378.com
ham	16/10/17	I know girls always safe and selfish know i got it pa. Thank you. good night.
ham	02/11/17	No worries, hope photo shoot went well. have a spiffing fun at workage. 
ham	30/01/17	I'm freezing and craving ice. Fml
ham	28/06/17	Kay... Since we are out already 
ham	29/06/17	Eh sorry leh... I din c ur msg. Not sad already lar. Me watching tv now. U still in office?
ham	13/09/17	Yo im right by yo work
ham	28/02/17	Ok darlin i supose it was ok i just worry too much.i have to do some film stuff my mate and then have to babysit again! But you can call me there.xx
ham	21/10/17	She said,'' do u mind if I go into the bedroom for a minute ? '' ''OK'', I sed in a sexy mood. She came out 5 minuts latr wid a cake...n My Wife,
ham	02/06/17	I don wake since. I checked that stuff and saw that its true no available spaces. Pls call the embassy or send a mail to them.
ham	15/11/17	Nope... Juz off from work...
ham	16/07/17	Huh so fast... Dat means u havent finished painting?
ham	17/10/17	 what number do u live at? Is it 11?
ham	07/02/17	No we put party 7 days a week and study lightly, I think we need to draw in some custom checkboxes so they know we're hardcore
ham	04/11/17	Sac will score big hundred.he is set batsman:-)
ham	21/02/17	Send me yetty's number pls.
ham	12/04/17	How much it will cost approx . Per month.
ham	06/02/17	Ok... The theory test? when are ü going to book? I think it's on 21 may. Coz thought wanna go out with jiayin. But she isnt free
spam	24/06/17	You are being contacted by our dating service by someone you know! To find out who it is, call from a land line 09050000928. PoBox45W2TG150P
ham	20/09/17	That's fine, have him give me a call if he knows what he wants or has any questions
ham	28/01/17	Sorry, got a late start, we're on the way
ham	01/03/17	Then u go back urself lor...
ham	23/02/17	I AM AT THE GAS STATION. GO THERE.
ham	12/03/17	K, if u bored up just come to my home..
ham	29/06/17	Babe !!!! I LOVE YOU !!!! *covers your face in kisses*
ham	29/05/17	Like I made him throw up when we were smoking in our friend's car one time, it was awesome
ham	21/01/17	Still i have not checked it da. . .
ham	13/09/17	You will go to walmart. I.ll stay.
ham	17/01/17	I haven't forgotten you, i might have a couple bucks to send you tomorrow, k? I love ya too
ham	18/03/17	Oh great. I.ll disturb him more so that we can talk.
ham	12/04/17	Reverse is cheating. That is not mathematics.
ham	01/04/17	U're welcome... Caught u using broken english again...
ham	15/05/17	No problem baby. Is this is a good time to talk? I called and left a message.
ham	04/03/17	Sorry, I'll call later
ham	19/04/17	Oh is it! Which brand?
ham	14/04/17	Sorry i cant take your call right now. It so happens that there r 2waxsto do wat you want. She can come and ill get her medical insurance. And she'll be able to deliver and have basic care. I'm currently shopping for the right medical insurance for her. So just give me til friday morning. Thats when i.ll see the major person that can guide me to the right insurance.
ham	09/04/17	At what time are you coming.
ham	21/07/17	Call him and say you not coming today ok and tell them not to fool me like this ok
ham	02/06/17	I emailed yifeng my part oredi.. Can ü get it fr him..
ham	04/09/17	R u sure they'll understand that! Wine * good idea just had a slurp!
ham	14/09/17	Minimum walk is 3miles a day.
ham	08/04/17	Ok not a problem will get them a taxi. C ing  tomorrow and tuesday. On tuesday think we r all going to the cinema. 
ham	06/10/17	Brainless Baby Doll..:-D;-), vehicle sariyag drive madoke barolla..
ham	16/06/17	I don't run away frm u... I walk slowly &amp; it kills me that u don't care enough to stop me...
spam	24/09/17	Sorry I missed your call let's talk when you have the time. I'm on 07090201529
ham	24/05/17	Please attend the phone:)
ham	18/04/17	You only hate me. You can call any but you didnt accept even a single call of mine. Or even you messaged
ham	12/03/17	No messages on her phone. I'm holding it now
ham	23/04/17	Can... I'm free...
ham	09/06/17	Gal n boy walking in d park. gal-can i hold ur hand? boy-y? do u think i would run away? gal-no, jst wana c how it feels walking in heaven with an prince..GN:-)
ham	19/04/17	What makes you most happy?
ham	10/03/17	Wishing you a wonderful week.
ham	04/09/17	Sweet heart how are you?
ham	19/02/17	Sir, waiting for your letter.
ham	25/01/17	Dude im no longer a pisces. Im an aquarius now.
ham	09/10/17	X course it 2yrs. Just so her messages on messenger lik you r sending me
ham	16/07/17	I think steyn surely get one wicket:)
ham	27/03/17	Neither [in sterm voice] - i'm studying. All fine with me! Not sure the  thing will be resolved, tho. Anyway. Have a fab hols
ham	13/04/17	Garbage bags, eggs, jam, bread, hannaford wheat chex
ham	25/02/17	No. It's not pride. I'm almost  &lt;#&gt;  years old and shouldn't be takin money from my kid. You're not supposed to have to deal with this stuff. This is grownup stuff--why i don't tell you.
ham	14/08/17	Sounds better than my evening im just doing my costume. Im not sure what time i finish tomorrow but i will txt you at the end.
ham	06/03/17	My birthday is on feb  &lt;#&gt;  da. .
ham	28/06/17	So when do you wanna gym?
ham	04/02/17	You'd like that wouldn't you? Jerk!
ham	01/05/17	Are u awake? Is there snow there?
ham	31/08/17	And of course you should make a stink!
spam	01/11/17	u r subscribed 2 TEXTCOMP 250 wkly comp. 1st wk?s free question follows, subsequent wks charged@150p/msg.2 unsubscribe txt STOP 2 84128,custcare 08712405020
ham	25/10/17	No go. No openings for that room 'til after thanksgiving without an upcharge.
ham	15/04/17	When you guys planning on coming over?
ham	27/09/17	Wat ü doing now?
ham	26/07/17	My Parents, My Kidz, My Friends n My Colleagues. All screaming.. SURPRISE !! and I was waiting on the sofa.. ... ..... ' NAKED...!
ham	27/10/17	No sir. That's why i had an 8-hr trip on the bus last week. Have another audition next wednesday but i think i might drive this time.
ham	09/05/17	Do I? I thought I put it back in the box
ham	23/08/17	I'm home...
ham	26/01/17	No one interested. May be some business plan.
ham	13/08/17	Yup it's at paragon... I havent decided whether 2 cut yet... Hee...
ham	23/06/17	Good morning princess! Have a great day!
ham	30/04/17	Guai... Ü shd haf seen him when he's naughty... Ü so free today? Can go jogging...
ham	22/02/17	Aiyo cos i sms ü then ü neva reply so i wait 4 ü to reply lar. I tot ü havent finish ur lab wat.
ham	16/09/17	Living is very simple.. Loving is also simple.. Laughing is too simple.. Winning is tooo simple.. But, Being 'SIMPLE' is very difficult...;-) :-)
ham	09/02/17	Tell me something. Thats okay.
ham	10/07/17	Ok
ham	22/09/17	Hmm. Shall i bring a bottle of wine to keep us amused? Just joking! I'll still bring a bottle. Red or white? See you tomorrow
ham	03/05/17	This is ur face test ( 1 2 3 4 5 6 7 8 9  &lt;#&gt;  ) select any number i will tell ur face astrology.... am waiting. quick reply...
ham	22/04/17	Hey, iouri gave me your number, I'm wylie, ryan's friend
ham	01/09/17	Yep get with the program. You're slacking.
ham	23/04/17	I'm in inside office..still filling forms.don know when they leave me.
ham	03/06/17	I think your mentor is , but not 100 percent sure.
spam	21/10/17	Call 09095350301 and send our girls into erotic ecstacy. Just 60p/min. To stop texts call 08712460324 (nat rate)
spam	15/06/17	Camera - You are awarded a SiPix Digital Camera! call 09061221066 fromm landline. Delivery within 28 days.
spam	27/04/17	A £400 XMAS REWARD IS WAITING FOR YOU! Our computer has randomly picked you from our loyal mobile customers to receive a £400 reward. Just call 09066380611
ham	16/09/17	Just trying to figure out when I'm suppose to see a couple different people this week. We said we'd get together but I didn't set dates
spam	01/02/17	IMPORTANT MESSAGE. This is a final contact attempt. You have important messages waiting out our customer claims dept. Expires 13/4/04. Call 08717507382 NOW!
ham	01/10/17	Hi mom we might be back later than  &lt;#&gt; 
spam	09/10/17	dating:i have had two of these. Only started after i sent a text to talk sport radio last week. Any connection do you think or coincidence?
ham	10/03/17	Lol, oh you got a friend for the dog ?
ham	04/03/17	Ok., is any problem to u frm him? Wats matter?
ham	18/03/17	K I'll head out in a few mins, see you there
ham	27/01/17	Do u konw waht is rael FRIENDSHIP Im gving yuo an exmpel: Jsut ese tihs msg.. Evrey splleing of tihs msg is wrnog.. Bt sitll yuo can raed it wihtuot ayn mitsake.. GOODNIGHT &amp; HAVE A NICE SLEEP..SWEET DREAMS..
ham	04/07/17	I cant pick the phone right now. Pls send a message
ham	01/10/17	I don't want you to leave. But i'm barely doing what i can to stay sane. fighting with you constantly isn't helping.
spam	08/03/17	The current leading bid is 151. To pause this auction send OUT. Customer Care: 08718726270
spam	21/06/17	Free entry to the gr8prizes wkly comp 4 a chance to win the latest Nokia 8800, PSP or £250 cash every wk.TXT GREAT to 80878 http//www.gr8prizes.com 08715705022
ham	04/11/17	Somebody set up a website where you can play hold em using eve online spacebucks
ham	31/03/17	Its sunny in california. The weather's just cool
spam	12/01/17	You have 1 new message. Call 0207-083-6089
ham	15/06/17	I can make it up there, squeezed  &lt;#&gt;  bucks out of my dad
ham	28/02/17	Good day to You too.Pray for me.Remove the teeth as its painful maintaining other stuff.
ham	28/01/17	How are you babes. Hope your doing ok. I had a shit nights sleep. I fell asleep at 5.Im knackered and im dreading work tonight. What are thou upto tonight. X
ham	13/07/17	How do friends help us in problems? They give the most stupid suggestion that Lands us into another problem and helps us forgt the previous problem
ham	26/01/17	I'm at work. Please call
ham	23/07/17	I will be gentle baby! Soon you will be taking all  &lt;#&gt;  inches deep inside your tight pussy...
ham	17/05/17	NOT MUCH NO FIGHTS. IT WAS A GOOD NITE!!
ham	15/03/17	Ok.ok ok..then..whats ur todays plan
ham	01/04/17	Nt joking seriously i told
ham	12/01/17	Watching ajith film ah?
ham	19/08/17	Ooooooh I forgot to tell u I can get on yoville on my phone
ham	22/01/17	All done, all handed in. Don't know if mega shop in asda counts as celebration but thats what i'm doing!
ham	09/06/17	I dont know exactly could you ask chechi.
ham	02/08/17	Dunno lei shd b driving lor cos i go sch 1 hr oni.
ham	11/07/17	As in i want custom officer discount oh.
ham	11/05/17	That's necessarily respectful
ham	28/04/17	Hi. Hope you had a good day. Have a better night.
ham	09/04/17	And he's apparently bffs with carly quick now
ham	14/11/17	HARD BUT TRUE: How much you show &amp;  express your love to someone....that much it will hurt when they leave you or you get seperated...!鈥┾??〨ud evening...
ham	04/06/17	Babes I think I got ur brolly I left it in English wil bring it in 2mrw 4 u luv Franxx
ham	05/08/17	Hi babe its me thanks for coming even though it didnt go that well!i just wanted my bed! Hope to see you soon love and kisses xxx
ham	06/08/17	So gd got free ice cream... I oso wan...
ham	21/09/17	Pls give her prometazine syrup. 5mls then  &lt;#&gt; mins later feed.
ham	23/07/17	So how many days since then?
ham	21/01/17	Dear are you angry i was busy dear
ham	08/08/17	Yup he msg me: is tat yijue? Then i tot it's my group mate cos we meeting today mah... I'm askin if ü leaving earlier or wat mah cos mayb ü haf to walk v far...
ham	10/09/17	... Are you in the pub?
ham	21/08/17	There is a first time for everything :)
ham	16/10/17	Daddy, shu shu is looking 4 u... U wan me 2 tell him u're not in singapore or wat?
ham	14/02/17	I ask if u meeting da ge tmr nite...
ham	12/05/17	Gr8. So how do you handle the victoria island traffic. Plus when's the album due
ham	20/09/17	Nite nite pocay wocay luv u more than n e thing 4eva I promise ring u 2morrowxxxx
ham	06/02/17	East coast
ham	10/02/17	You should get more chicken broth if you want ramen unless there's some I don't know about
ham	23/01/17	My slave! I want you to take 2 or 3 pictures of yourself today in bright light on your cell phone! Bright light!
ham	20/08/17	Nope. I just forgot. Will show next week
ham	03/10/17	So how are you really. What are you up to. How's the masters. And so on.
ham	29/01/17	I'm at bruce &amp; fowler now but I'm in my mom's car so I can't park (long story)
ham	15/06/17	I dont know oh. Hopefully this month.
ham	22/08/17	Hi elaine, is today's meeting confirmed?
ham	25/02/17	Ok k..sry i knw 2 siva..tats y i askd..
ham	04/08/17	Sorry, I'll call later
ham	08/11/17	U horrible gal... U knew dat i was going out wif him yest n u still come n ask me...
ham	28/05/17	Otherwise had part time job na-tuition..
ham	02/03/17	Oh yeah! And my diet just flew out the window
spam	23/10/17	Santa Calling! Would your little ones like a call from Santa Xmas eve? Call 09058094583 to book your time.
ham	04/08/17	You didnt complete your gist oh.
ham	21/01/17	Er yeah, i will b there at 15:26, sorry! Just tell me which pub/cafe to sit in and come wen u can
ham	23/02/17	If you can make it any time tonight or whenever you can it's cool, just text me whenever you're around
ham	07/06/17	If I was I wasn't paying attention
ham	08/01/17	Thanx a lot 4 ur help!
ham	27/05/17	You're gonna have to be way more specific than that
ham	05/06/17	Jesus armand really is trying to tell everybody he can find
ham	03/11/17	I'm wif him now buying tix lar...
ham	28/10/17	Mode men or have you left.
ham	30/05/17	Am slow in using biola's fne
ham	22/08/17	What are youdoing later? Sar xxx
ham	08/09/17	Hey i've booked the 2 lessons on sun liao...
ham	27/03/17	Thank you. do you generally date the brothas?
ham	17/07/17	By the way, make sure u get train to worc foregate street not shrub hill. Have fun night x
ham	27/02/17	I thought i'd get him a watch, just cos thats the kind of thing u get4an18th. And he loves so much!
spam	12/04/17	You have won a guaranteed 32000 award or maybe even £1000 cash to claim ur award call free on 0800 ..... (18+). Its a legitimat efreefone number wat do u think???
ham	12/09/17	Good morning. At the repair shop--the ONLY reason i'm up at this hour.
ham	19/08/17	And that's fine, I got enough bud to last most of the night at least
ham	13/08/17	I am back. Good journey! Let me know if you need any of the receipts. Shall i tell you like the pendent?
ham	05/08/17	So that takes away some money worries
ham	10/09/17	aight we can pick some up, you open before tonight?
spam	13/02/17	Latest News! Police station toilet stolen, cops have nothing to go on!
ham	22/09/17	Sac needs to carry on:)
ham	09/08/17	Just sing HU. I think its also important to find someone female that know the place well preferably a citizen that is also smart to help you navigate through. Even things like choosing a phone plan require guidance. When in doubt ask especially girls.
ham	19/10/17	What???? Hello wats talks email address?
ham	11/09/17	Except theres a chick with huge boobs.
ham	04/08/17	Im just wondering what your doing right now?
ham	07/06/17	Wishing you a beautiful day. Each moment revealing even more things to keep you smiling. Do enjoy it.
spam	20/04/17	For the most sparkling shopping breaks from 45 per person; call 0121 2025050 or visit www.shortbreaks.org.uk
ham	26/07/17	Arun can u transfr me d amt
ham	23/02/17	Sorry, I'll call later
ham	22/04/17	If you hear a loud scream in about &lt;#&gt; minutes its cause my Gyno will be shoving things up me that don't belong :/
spam	04/10/17	December only! Had your mobile 11mths+? You are entitled to update to the latest colour camera mobile for Free! Call The Mobile Update Co FREE on 08002986906
ham	26/10/17	Ok i thk i got it. Then u wan me 2 come now or wat?
spam	15/09/17	Txt: CALL to No: 86888 & claim your reward of 3 hours talk time to use from your phone now! Subscribe6GBP/mnth inc 3hrs 16 stop?txtStop www.gamb.tv
ham	25/03/17	U GOIN OUT 2NITE?
ham	05/09/17	I will treasure every moment we spend together...
ham	10/06/17	Shall I bring us a bottle of wine to keep us amused? Only joking! I‘ll bring one anyway
spam	13/10/17	http//tms. widelive.com/index. wml?id=820554ad0a1705572711&first=true¡C C Ringtone¡
spam	24/07/17	Get your garden ready for summer with a FREE selection of summer bulbs and seeds worth £33:50 only with The Scotsman this Saturday. To stop go2 notxt.co.uk
spam	12/01/17	URGENT! Last weekend's draw shows that you have won £1000 cash or a Spanish holiday! CALL NOW 09050000332 to claim. T&C: RSTM, SW7 3SS. 150ppm
ham	18/02/17	Ok lor.
ham	10/05/17	I thought slide is enough.
ham	31/08/17	Yup
ham	28/01/17	Well obviously not because all the people in my cool college life went home ;_;
ham	09/10/17	Ok lor ü reaching then message me.
ham	05/04/17	Where's mummy's boy ? Is he being good or bad ? Is he being positive or negative ? Why is mummy being made to wait? Hmmmm?
ham	20/01/17	Dhoni have luck to win some big title.so we will win:)
ham	13/06/17	Yes princess! I want to please you every night. Your wish is my command...
ham	06/08/17	What Today-sunday..sunday is holiday..so no work..
ham	06/10/17	No probably  &lt;#&gt; %.
ham	19/08/17	Really do hope the work doesnt get stressful. Have a gr8 day.
ham	24/04/17	Have you seen who's back at Holby?!
ham	11/02/17	Shall call now dear having food
spam	25/09/17	URGENT We are trying to contact you Last weekends draw shows u have won a £1000 prize GUARANTEED Call 09064017295 Claim code K52 Valid 12hrs 150p pm
ham	10/07/17	So li hai... Me bored now da lecturer repeating last weeks stuff waste time... 
ham	22/09/17	, ,  and  picking them up from various points | going 2 yeovil | and they will do the motor project 4 3 hours | and then u take them home. || 12 2 5.30 max. || Very easy
ham	18/09/17	Also fuck you and your family for going to rhode island or wherever the fuck and leaving me all alone the week I have a new bong &gt;:(
ham	01/09/17	Ofcourse I also upload some songs
spam	05/07/17	2p per min to call Germany 08448350055 from your BT line. Just 2p per min. Check PlanetTalkInstant.com for info & T's & C's. Text stop to opt out
ham	09/04/17	K. I will sent it again
ham	01/01/17	Oh thanks a lot..i already bought 2 eggs ..
ham	18/05/17	K. I will sent it again
ham	22/09/17	U studying in sch or going home? Anyway i'll b going 2 sch later.
spam	15/05/17	Marvel Mobile Play the official Ultimate Spider-man game (£4.50) on ur mobile right now. Text SPIDER to 83338 for the game & we ll send u a FREE 8Ball wallpaper
ham	08/07/17	I think if he rule tamilnadu..then its very tough for our people.
ham	10/03/17	Cool, we shall go and see, have to go to tip anyway. Are you at home, got something to drop in later? So lets go to town tonight! Maybe mum can take us in.
ham	22/08/17	Good afternoon, my love ... How goes your day ? How did you sleep ? I hope your well, my boytoy ... I think of you ...
ham	19/07/17	Yes... I trust u to buy new stuff ASAP so I can try it out
spam	01/06/17	SMS SERVICES. for your inclusive text credits, pls goto www.comuk.net login= 3qxj9 unsubscribe with STOP, no extra charge. help 08702840625.COMUK. 220-CM2 9AE
ham	31/01/17	Why did I wake up on my own &gt;:(
ham	05/04/17	Now get step 2 outta the way. Congrats again.
ham	01/07/17	Love has one law; Make happy the person you love. In the same way friendship has one law; Never make ur friend feel alone until you are alive.... Gud night
spam	15/01/17	PRIVATE! Your 2003 Account Statement for 07808247860 shows 800 un-redeemed S. I. M. points. Call 08719899229 Identifier Code: 40411 Expires 06/11/04
ham	21/04/17	Apo all other are mokka players only
ham	30/03/17	Perhaps * is much easy give your account identification, so i will tomorrow at UNI
ham	07/11/17	Wait . I will msg after  &lt;#&gt;  min.
ham	23/04/17	What i told before i tell. Stupid hear after i wont tell anything to you. You dad called to my brother and spoken. Not with me.
ham	20/10/17	God's love has no limit. God's grace has no measure. God's power has no boundaries. May u have God's endless blessings always in ur life...!! Gud ni8
ham	13/07/17	I want to be inside you every night...
ham	18/09/17	Machan you go to gym tomorrow,  i wil come late goodnight.
ham	28/01/17	Lol they were mad at first but then they woke up and gave in.
ham	11/01/17	I went to project centre
ham	31/01/17	It‘s reassuring, in this crazy world.
ham	03/04/17	Just making dinner, you ?
ham	20/06/17	Yes. Please leave at  &lt;#&gt; . So that at  &lt;#&gt;  we can leave
ham	01/08/17	Oh... Okie lor...We go on sat... 
ham	22/04/17	You are a great role model. You are giving so much and i really wish each day for a miracle but God as a reason for everything and i must say i wish i knew why but i dont. I've looked up to you since i was young and i still do. Have a great day.
ham	01/05/17	Ya, i'm referin to mei's ex wat... No ah, waitin 4 u to treat, somebody shld b rich liao...So gd, den u dun have to work frm tmr onwards...
ham	07/04/17	Miles and smiles r made frm same letters but do u know d difference..? smile on ur face keeps me happy even though I am miles away from u.. :-)keep smiling.. Good nyt
ham	11/07/17	By the way, i've put a skip right outside the front of the house so you can see which house it is. Just pull up before it.
ham	01/04/17	Can you pls send me that company name. In saibaba colany
ham	05/02/17	No. I dont want to hear anything
ham	30/10/17	You are a big chic. Common. Declare
ham	21/08/17	Thats cool. I want to please you...
ham	27/10/17	Going to join tomorrow.
spam	24/05/17	You are awarded a SiPix Digital Camera! call 09061221061 from landline. Delivery within 28days. T Cs Box177. M221BP. 2yr warranty. 150ppm. 16 . p p£3.99
ham	14/08/17	I want to tell you how bad I feel that basically the only times I text you lately are when I need drugs
spam	28/06/17	PRIVATE! Your 2003 Account Statement for shows 800 un-redeemed S.I.M. points. Call 08718738001 Identifier Code: 49557 Expires 26/11/04
ham	27/04/17	Total disappointment, when I texted you was the craziest shit got :(
ham	10/10/17	Its just the effect of irritation. Just ignore it
ham	02/08/17	What about this one then.
ham	23/06/17	I think that tantrum's finished so yeah I'll be by at some point
ham	04/11/17	Compliments to you. Was away from the system. How your side.
ham	02/08/17	happened here while you were adventuring
ham	31/10/17	Hey chief, can you give me a bell when you get this. Need to talk to you about this royal visit on the 1st june. 
ham	23/09/17	Ok which your another number
ham	27/09/17	I know you are thinkin malaria. But relax, children cant handle malaria. She would have been worse and its gastroenteritis. If she takes enough to replace her loss her temp will reduce. And if you give her malaria meds now she will just vomit. Its a self limiting illness she has which means in a few days it will completely stop
ham	13/04/17	Aiyah ok wat as long as got improve can already wat...
spam	17/02/17	Want explicit SEX in 30 secs? Ring 02073162414 now! Costs 20p/min Gsex POBOX 2667 WC1N 3XX
ham	31/10/17	I can't believe how attached I am to seeing you every day. I know you will do the best you can to get to me babe. I will go to teach my class at your midnight
ham	17/09/17	Just sleeping..and surfing
spam	20/04/17	ASKED 3MOBILE IF 0870 CHATLINES INCLU IN FREE MINS. INDIA CUST SERVs SED YES. L8ER GOT MEGA BILL. 3 DONT GIV A SHIT. BAILIFF DUE IN DAYS. I O £250 3 WANT £800
ham	18/03/17	Yeah it's jus rite...
ham	05/11/17	Armand says get your ass over to epsilon
ham	01/05/17	U still havent got urself a jacket ah?
ham	09/06/17	I'm taking derek &amp; taylor to walmart, if I'm not back by the time you're done just leave the mouse on my desk and I'll text you when priscilla's ready
ham	20/04/17	Hi its in durban are you still on this number
ham	14/08/17	Ic. There are a lotta childporn cars then.
spam	21/01/17	Had your contract mobile 11 Mnths? Latest Motorola, Nokia etc. all FREE! Double Mins & Text on Orange tariffs. TEXT YES for callback, no to remove from records.
ham	01/04/17	No, I was trying it all weekend ;V
ham	10/05/17	You know, wot people wear. T shirts, jumpers, hat, belt, is all we know. We r at Cribbs
ham	20/08/17	Cool, what time you think you can get here?
ham	12/04/17	Wen did you get so spiritual and deep. That's great
ham	17/02/17	Have a safe trip to Nigeria. Wish you happiness and very soon company to share moments with
ham	16/03/17	Hahaha..use your brain dear
ham	01/02/17	Well keep in mind I've only got enough gas for one more round trip barring a sudden influx of cash
ham	07/10/17	Yeh. Indians was nice. Tho it did kane me off a bit he he. We shud go out 4 a drink sometime soon. Mite hav 2 go 2 da works 4 a laugh soon. Love Pete x x
ham	28/06/17	Yes i have. So that's why u texted. Pshew...missing you so much
ham	15/08/17	No. I meant the calculation is the same. That  &lt;#&gt; units at  &lt;#&gt; . This school is really expensive. Have you started practicing your accent. Because its important. And have you decided if you are doing 4years of dental school or if you'll just do the nmde exam.
ham	25/01/17	Sorry, I'll call later
ham	26/06/17	if you aren't here in the next  &lt;#&gt;  hours imma flip my shit
ham	29/01/17	Anything lor. Juz both of us lor.
ham	24/08/17	Get me out of this dump heap. My mom decided to come to lowes. BORING.
ham	20/09/17	Ok lor... Sony ericsson salesman... I ask shuhui then she say quite gd 2 use so i considering...
ham	05/06/17	Ard 6 like dat lor.
ham	28/04/17	Why don't you wait 'til at least wednesday to see if you get your .
